"name","date","count"
Benchmark_1708202206.csv,2022-08-15,1
Benchmark_1708202206.csv,2022-08-17,1
Episode List by NPI_1309202205.csv,2022-09-13,1
Episode List by NPI_1708202204.csv,2022-08-17,1
Episode List by NPI_2908202207.csv,2022-08-29,1
List- Attributed Providers_0908202211.csv,2022-08-09,1
List- Attributed Providers_1108202211.csv,2022-08-11,1
List- Attributed Providers_1309202205.csv,2022-09-13,3
List- Attributed Providers_2009202204.csv,2022-09-20,1
List- Evaluating Strength of Referrals_1808202212.csv,2022-08-18,1
List- HCPCS by Providers_1209202202.csv,2022-09-12,1
List- HCPCS by Providers_1608202201.csv,2022-08-15,1
List- HCPCS by Providers_1608202201.csv,2022-08-16,1
List- ICD by Providers_1708202204.csv,2022-08-17,1
List- Rendering Providers_1108202202.csv,2022-08-11,2
List- Rendering Providers_1608202202.csv,2022-08-16,2
List- Rendering Providers_1908202208.csv,2022-08-19,1
List- Rendering Providers_2608202210.csv,2022-08-26,1
Participants_1508202204.csv,2022-08-15,1
Participants_2308202207.csv,2022-08-23,1
Provider Cost Scorecard_1108202203.csv,2022-08-11,1
Provider Quality Scorecard_2009202211.csv,2022-09-20,1
Rendering Network Utilization Patterns_1608202209.csv,2022-08-16,1
